{
	"eventBroker": {
		"name": "Test Broker",
		"sempHost": "https://mr-connection-2buzyfvp8nj.messaging.solace.cloud:943/SEMP/v2/config",
		"sempAdminUser": "mission-control-manager",
		"sempAdminPw": "5astb2pldb1qc25cqq8rr3ivnd",
		"msgVpnName": "testbroker",
		"messagingHost": "tcps://mr-connection-2buzyfvp8nj.messaging.solace.cloud:55443",
		"messagingClientUsername": "solace-cloud-client",
		"messagingPw" : "aafi3j05a51v0vggkssugr84lo"
	},
	"XXblackListedQueues": ["blacklisted"],
	"XXwhiteListedQueues": ["TestBrokerQ1"],
	"movementDestinations" : [{
		"source": "all",
		"targets": ["moveStuffHere"] 
	},{
		"source": "TestBrokerQ1",
		"targets": ["DestQueue", "blacklisted"] 
	}]
}